8192,pre
8193,pre
8194,pre
8195,pre
8196,pre
8197,pre
8198,pre
8199,pre
8200,pre
8201,pre
8202,pre
8203,pre
8204,pre
8205,pre
8206,pre
8207,pre
8208,pre
8209,pre
8210,pre
8211,pre
8212,pre
8213,pre
8214,pre
8215,pre
8216,pre
8217,pre
8218,pre
8219,pre
8220,pre
8221,pre
8222,pre
8223,pre
8224,pre
8225,pre
8226,pre
8227,pre
8228,pre
8229,pre
8230,pre
8231,pre
8232,pre
8233,pre
8234,pre
8235,pre
8236,pre
8237,pre
8238,pre
8239,pre
8240,pre
8241,pre
8242,pre
8243,pre
8244,pre
8245,pre
8246,pre
8247,pre
8248,pre
8249,pre
8250,pre
8251,pre
8252,pre
8253,pre
8254,pre
8255,pre
8256,pre
8257,pre
8258,pre
8259,pre
8260,pre
8261,pre
8262,pre
8263,pre
8264,pre
8265,pre
8266,pre
8267,pre
8268,pre
8269,pre
8270,pre
8271,pre
8272,pre
8273,pre
8274,pre
8275,pre
8276,pre
8277,pre
8278,pre
8279,pre
8280,pre
8281,pre
8282,pre
8283,pre
8284,pre
8285,pre
8286,pre
8287,pre
8288,pre
8289,pre
8290,pre
8291,pre
8292,pre
8293,pre
8294,pre
8295,pre
8296,pre
8297,pre
8298,pre
8299,pre
8300,pre
8301,pre
8302,pre
8303,pre
8304,pre
8305,pre
8306,pre
8307,pre
8308,pre
8309,pre
8310,pre
8311,pre
8312,pre
8313,pre
8314,pre
8315,pre
8316,pre
8317,pre
8318,pre
8319,pre
8320,pre
8321,pre
8322,pre
8323,pre
8324,pre
8325,pre
8326,pre
8327,pre
8328,pre
8329,pre
8330,pre
8331,pre
8332,pre
8333,pre
8334,pre
8335,pre
8336,pre
8337,pre
8338,pre
8339,pre
8340,pre
8341,pre
8342,pre
8343,pre
8344,pre
8345,pre
8346,pre
8347,pre
8348,pre
8349,pre
8350,pre
8351,pre
8352,pre
8353,pre
8354,pre
8355,pre
8356,pre
8357,pre
8358,pre
8359,pre
8360,pre
8361,pre
8362,pre
8363,pre
8364,pre
8365,pre
8366,pre
8367,pre
8368,pre
8369,pre
8370,pre
8371,pre
8372,pre
8373,pre
8374,pre
8375,pre
8376,pre
8377,pre
8378,pre
8379,pre
8380,pre
8381,pre
8382,pre
8383,pre
8384,pre
8385,pre
8386,pre
8387,pre
8388,pre
8389,pre
8390,pre
8391,pre
8392,pre
8393,pre
8394,pre
8395,pre
8396,pre
8397,pre
8398,pre
8399,pre
8400,pre
8401,pre
8402,pre
8403,pre
8404,pre
8405,pre
8406,pre
8407,pre
8408,pre
8409,pre
8410,pre
8411,pre
8412,pre
8413,pre
8414,pre
8415,pre
8416,pre
8417,pre
8418,pre
8419,pre
8420,pre
8421,pre
8422,pre
8423,pre
8424,pre
8425,pre
8426,pre
8427,pre
8428,pre
8429,pre
8430,pre
8431,pre
8432,pre
8433,pre
8434,pre
8435,pre
8436,pre
8437,pre
8438,pre
8439,pre
8440,pre
8441,pre
8442,pre
8443,pre
8444,pre
8445,pre
8446,pre
8447,pre
8448,pre
8449,pre
8450,pre
8451,pre
8452,pre
8453,pre
8454,pre
8455,pre
8456,pre
8457,pre
8458,pre
8459,pre
8460,pre
8461,pre
8462,pre
8463,pre
8464,pre
8465,pre
8466,pre
8467,pre
8468,pre
8469,pre
8470,pre
8471,pre
8472,pre
8473,pre
8474,pre
8475,pre
8476,pre
8477,pre
8478,pre
8479,pre
8480,pre
8481,pre
8482,pre
8483,pre
8484,pre
8485,pre
8486,pre
8487,pre
8488,pre
8489,pre
8490,pre
8491,pre
8492,pre
8493,pre
8494,pre
8495,pre
8496,pre
8497,pre
8498,pre
8499,pre
8500,pre
8501,pre
8502,pre
8503,pre
8504,pre
8505,pre
8506,pre
8507,pre
8508,pre
8509,pre
8510,pre
8511,pre
8512,pre
8513,pre
8514,pre
8515,pre
8516,pre
8517,pre
8518,pre
8519,pre
8520,pre
8521,pre
8522,pre
8523,pre
8524,pre
8525,pre
8526,pre
8527,pre
8528,pre
8529,pre
8530,pre
8531,pre
8532,pre
8533,pre
8534,pre
8535,pre
8536,pre
8537,pre
8538,pre
8539,pre
8540,pre
8541,pre
8542,pre
8543,pre
8544,pre
8545,pre
8546,pre
8547,pre
8548,pre
8549,pre
8550,pre
8551,pre
8552,pre
8553,pre
8554,pre
8555,pre
8556,pre
8557,pre
8558,pre
8559,pre
8560,pre
8561,pre
8562,pre
8563,pre
8564,pre
8565,pre
8566,pre
8567,pre
8568,pre
8569,pre
8570,pre
8571,pre
8572,pre
8573,pre
8574,pre
8575,pre
8576,pre
8577,pre
8578,pre
8579,pre
8580,pre
8581,pre
8582,pre
8583,pre
8584,pre
8585,pre
8586,pre
8587,pre
8588,pre
8589,pre
8590,pre
8591,pre
8592,pre
8593,pre
8594,pre
8595,pre
8596,pre
8597,pre
8598,pre
8599,pre
8600,pre
8601,pre
8602,pre
8603,pre
8604,pre
8605,pre
8606,pre
8607,pre
8608,pre
8609,pre
8610,pre
8611,pre
8612,pre
8613,pre
8614,pre
8615,pre
8616,pre
8617,pre
8618,pre
8619,pre
8620,pre
8621,pre
8622,pre
8623,pre
8624,pre
8625,pre
8626,pre
8627,pre
8628,pre
8629,pre
8630,pre
8631,pre
8632,pre
8633,pre
8634,pre
8635,pre
8636,pre
8637,pre
8638,pre
8639,pre
8640,pre
8641,pre
8642,pre
8643,pre
8644,pre
8645,pre
8646,pre
8647,pre
8648,pre
8649,pre
8650,pre
8651,pre
8652,pre
8653,pre
8654,pre
8655,pre
8656,pre
8657,pre
8658,pre
8659,pre
8660,pre
8661,pre
8662,pre
8663,pre
8664,pre
8665,pre
8666,pre
8667,pre
8668,pre
8669,pre
8670,pre
8671,pre
8672,pre
8673,pre
8674,pre
8675,pre
8676,pre
8677,pre
8678,pre
8679,pre
8680,pre
8681,pre
8682,pre
8683,pre
8684,pre
8685,pre
8686,pre
8687,pre
8688,pre
8689,pre
8690,pre
8691,pre
8692,pre
8693,pre
8694,pre
8695,pre
8696,pre
8697,pre
8698,pre
8699,pre
8700,pre
8701,pre
8702,pre
8703,pre
8704,pre
8705,pre
8706,pre
8707,pre
8708,pre
8709,pre
8710,pre
8711,pre
8712,pre
8713,pre
8714,pre
8715,pre
8716,pre
8717,pre
8718,pre
8719,pre
8720,pre
8721,pre
8722,pre
8723,pre
8724,pre
8725,pre
8726,pre
8727,pre
8728,pre
8729,pre
8730,pre
8731,pre
8732,pre
8733,pre
8734,pre
8735,pre
8736,pre
8737,pre
8738,pre
8739,pre
8740,pre
8741,pre
8742,pre
8743,pre
8744,pre
8745,pre
8746,pre
8747,pre
8748,pre
8749,pre
8750,pre
8751,pre
8752,pre
8753,pre
8754,pre
8755,pre
8756,pre
8757,pre
8758,pre
8759,pre
8760,pre
8761,pre
8762,pre
8763,pre
8764,pre
8765,pre
8766,pre
8767,pre
8768,pre
8769,pre
8770,pre
8771,pre
8772,pre
8773,pre
8774,pre
8775,pre
8776,pre
8777,pre
8778,pre
8779,pre
8780,pre
8781,pre
8782,pre
8783,pre
8784,pre
8785,pre
8786,pre
8787,pre
8788,pre
8789,pre
8790,pre
8791,pre
8792,pre
8793,pre
8794,pre
8795,pre
8796,pre
8797,pre
8798,pre
8799,pre
8800,pre
8801,pre
8802,pre
8803,pre
8804,pre
8805,pre
8806,pre
8807,pre
8808,pre
8809,pre
8810,pre
8811,pre
8812,pre
8813,pre
8814,pre
8815,pre
8816,pre
8817,pre
8818,pre
8819,pre
8820,pre
8821,pre
8822,pre
8823,pre
8824,pre
8825,pre
8826,pre
8827,pre
8828,pre
8829,pre
8830,pre
8831,pre
8832,pre
8833,pre
8834,pre
8835,pre
8836,pre
8837,pre
8838,pre
8839,pre
8840,pre
8841,pre
8842,pre
8843,pre
8844,pre
8845,pre
8846,pre
8847,pre
8848,pre
8849,pre
8850,pre
8851,pre
8852,pre
8853,pre
8854,pre
8855,pre
8856,pre
8857,pre
8858,pre
8859,pre
8860,pre
8861,pre
8862,pre
8863,pre
8864,pre
8865,pre
8866,pre
8867,pre
8868,pre
8869,pre
8870,pre
8871,pre
8872,pre
8873,pre
8874,pre
8875,pre
8876,pre
8877,pre
8878,pre
8879,pre
8880,pre
8881,pre
8882,pre
8883,pre
8884,pre
8885,pre
8886,pre
8887,pre
8888,pre
8889,pre
8890,pre
8891,pre
8892,pre
8893,pre
8894,pre
8895,pre
8896,pre
8897,pre
8898,pre
8899,pre
8900,pre
8901,pre
8902,pre
8903,pre
8904,pre
8905,pre
8906,pre
8907,pre
8908,pre
8909,pre
8910,pre
8911,pre
8912,pre
8913,pre
8914,pre
8915,pre
8916,pre
8917,pre
8918,pre
8919,pre
8920,pre
8921,pre
8922,pre
8923,pre
8924,pre
8925,pre
8926,pre
8927,pre
8928,pre
8929,pre
8930,pre
8931,pre
8932,pre
8933,pre
8934,pre
8935,pre
8936,pre
8937,pre
8938,pre
8939,pre
8940,pre
8941,pre
8942,pre
8943,pre
8944,pre
8945,pre
8946,pre
8947,pre
8948,pre
8949,pre
8950,pre
8951,pre
8952,pre
8953,pre
8954,pre
8955,pre
8956,pre
8957,pre
8958,pre
8959,pre
8960,pre
8961,pre
8962,pre
8963,pre
8964,pre
8965,pre
8966,pre
8967,pre
8968,pre
8969,pre
8970,pre
8971,pre
8972,pre
8973,pre
8974,pre
8975,pre
8976,pre
8977,pre
8978,pre
8979,pre
8980,pre
8981,pre
8982,pre
8983,pre
8984,pre
8985,pre
8986,pre
8987,pre
8988,pre
8989,pre
8990,pre
8991,pre
8992,pre
8993,pre
8994,pre
8995,pre
8996,pre
8997,pre
8998,pre
8999,pre
9000,pre
9001,pre
9002,pre
9003,pre
9004,pre
9005,pre
9006,pre
9007,pre
9008,pre
9009,pre
9010,pre
9011,pre
9012,pre
9013,pre
9014,pre
9015,pre
9016,pre
9017,pre
9018,pre
9019,pre
9020,pre
9021,pre
9022,pre
9023,pre
9024,pre
9025,pre
9026,pre
9027,pre
9028,pre
9029,pre
9030,pre
9031,pre
9032,pre
9033,pre
9034,pre
9035,pre
9036,pre
9037,pre
9038,pre
9039,pre
9040,pre
9041,pre
9042,pre
9043,pre
9044,pre
9045,pre
9046,pre
9047,pre
9048,pre
9049,pre
9050,pre
9051,pre
9052,pre
9053,pre
9054,pre
9055,pre
9056,pre
9057,pre
9058,pre
9059,pre
9060,pre
9061,pre
9062,pre
9063,pre
9064,pre
9065,pre
9066,pre
9067,pre
9068,pre
9069,pre
9070,pre
9071,pre
9072,pre
9073,pre
9074,pre
9075,pre
9076,pre
9077,pre
9078,pre
9079,pre
9080,pre
9081,pre
9082,pre
9083,pre
9084,pre
9085,pre
9086,pre
9087,pre
9088,pre
9089,pre
9090,pre
9091,pre
9092,pre
9093,pre
9094,pre
9095,pre
9096,pre
9097,pre
9098,pre
9099,pre
9100,pre
9101,pre
9102,pre
9103,pre
9104,pre
9105,pre
9106,pre
9107,pre
9108,pre
9109,pre
9110,pre
9111,pre
9112,pre
9113,pre
9114,pre
9115,pre
9116,pre
9117,pre
9118,pre
9119,pre
9120,pre
9121,pre
9122,pre
9123,pre
9124,pre
9125,pre
9126,pre
9127,pre
9128,pre
9129,pre
9130,pre
9131,pre
9132,pre
9133,pre
9134,pre
9135,pre
9136,pre
9137,pre
9138,pre
9139,pre
9140,pre
9141,pre
9142,pre
9143,pre
9144,pre
9145,pre
9146,pre
9147,pre
9148,pre
9149,pre
9150,pre
9151,pre
9152,pre
9153,pre
9154,pre
9155,pre
9156,pre
9157,pre
9158,pre
9159,pre
9160,pre
9161,pre
9162,pre
9163,pre
9164,pre
9165,pre
9166,pre
9167,pre
9168,pre
9169,pre
9170,pre
9171,pre
9172,pre
9173,pre
9174,pre
9175,pre
9176,pre
9177,pre
9178,pre
9179,pre
9180,pre
9181,pre
9182,pre
9183,pre
9184,pre
9185,pre
9186,pre
9187,pre
9188,pre
9189,pre
9190,pre
9191,pre
9192,pre
9193,pre
9194,pre
9195,pre
9196,pre
9197,pre
9198,pre
9199,pre
9200,pre
9201,pre
9202,pre
9203,pre
9204,pre
9205,pre
9206,pre
9207,pre
9208,pre
9209,pre
9210,pre
9211,pre
9212,pre
9213,pre
9214,pre
9215,pre
9216,pre
9217,pre
9218,pre
9219,pre
9220,pre
9221,pre
9222,pre
9223,pre
9224,pre
9225,pre
9226,pre
9227,pre
9228,pre
9229,pre
9230,pre
9231,pre
9232,pre
9233,pre
9234,pre
9235,pre
9236,pre
9237,pre
9238,pre
9239,pre
9240,pre
9241,pre
9242,pre
9243,pre
9244,pre
9245,pre
9246,pre
9247,pre
9248,pre
9249,pre
9250,pre
9251,pre
9252,pre
9253,pre
9254,pre
9255,pre
9256,pre
9257,pre
9258,pre
9259,pre
9260,pre
9261,pre
9262,pre
9263,pre
9264,pre
9265,pre
9266,pre
9267,pre
9268,pre
9269,pre
9270,pre
9271,pre
9272,pre
9273,pre
9274,pre
9275,pre
9276,pre
9277,pre
9278,pre
9279,pre
9280,pre
9281,pre
9282,pre
9283,pre
9284,pre
9285,pre
9286,pre
9287,pre
9288,pre
9289,pre
9290,pre
9291,pre
9292,pre
9293,pre
9294,pre
9295,pre
9296,pre
9297,pre
9298,pre
9299,pre
9300,pre
9301,pre
9302,pre
9303,pre
9304,pre
9305,pre
9306,pre
9307,pre
9308,pre
9309,pre
9310,pre
9311,pre
9312,pre
9313,pre
9314,pre
9315,pre
9316,pre
9317,pre
9318,pre
9319,pre
9320,pre
9321,pre
9322,pre
9323,pre
9324,pre
9325,pre
9326,pre
9327,pre
9328,pre
9329,pre
9330,pre
9331,pre
9332,pre
9333,pre
9334,pre
9335,pre
9336,pre
9337,pre
9338,pre
9339,pre
9340,pre
9341,pre
9342,pre
9343,pre
9344,pre
9345,pre
9346,pre
9347,pre
9348,pre
9349,pre
9350,pre
9351,pre
9352,pre
9353,pre
9354,pre
9355,pre
9356,pre
9357,pre
9358,pre
9359,pre
9360,pre
9361,pre
9362,pre
9363,pre
9364,pre
9365,pre
9366,pre
9367,pre
9368,pre
9369,pre
9370,pre
9371,pre
9372,pre
9373,pre
9374,pre
9375,pre
9376,pre
9377,pre
9378,pre
9379,pre
9380,pre
9381,pre
9382,pre
9383,pre
9384,pre
9385,pre
9386,pre
9387,pre
9388,pre
9389,pre
9390,pre
9391,pre
9392,pre
9393,pre
9394,pre
9395,pre
9396,pre
9397,pre
9398,pre
9399,pre
9400,pre
9401,pre
9402,pre
9403,pre
9404,pre
9405,pre
9406,pre
9407,pre
9408,pre
9409,pre
9410,pre
9411,pre
9412,pre
9413,pre
9414,pre
9415,pre
9416,pre
9417,pre
9418,pre
9419,pre
9420,pre
9421,pre
9422,pre
9423,pre
9424,pre
9425,pre
9426,pre
9427,pre
9428,pre
9429,pre
9430,pre
9431,pre
9432,pre
9433,pre
9434,pre
9435,pre
9436,pre
9437,pre
9438,pre
9439,pre
9440,pre
9441,pre
9442,pre
9443,pre
9444,pre
9445,pre
9446,pre
9447,pre
9448,pre
9449,pre
9450,pre
9451,pre
9452,pre
9453,pre
9454,pre
9455,pre
9456,pre
9457,pre
9458,pre
9459,pre
9460,pre
9461,pre
9462,pre
9463,pre
9464,pre
9465,pre
9466,pre
9467,pre
9468,pre
9469,pre
9470,pre
9471,pre
9472,pre
9473,pre
9474,pre
9475,pre
9476,pre
9477,pre
9478,pre
9479,pre
9480,pre
9481,pre
9482,pre
9483,pre
9484,pre
9485,pre
9486,pre
9487,pre
9488,pre
9489,pre
9490,pre
9491,pre
9492,pre
9493,pre
9494,pre
9495,pre
9496,pre
9497,pre
9498,pre
9499,pre
9500,pre
9501,pre
9502,pre
9503,pre
9504,pre
9505,pre
9506,pre
9507,pre
9508,pre
9509,pre
9510,pre
9511,pre
9512,pre
9513,pre
9514,pre
9515,pre
9516,pre
9517,pre
9518,pre
9519,pre
9520,pre
9521,pre
9522,pre
9523,pre
9524,pre
9525,pre
9526,pre
9527,pre
9528,pre
9529,pre
9530,pre
9531,pre
9532,pre
9533,pre
9534,pre
9535,pre
9536,pre
9537,pre
9538,pre
9539,pre
9540,pre
9541,pre
9542,pre
9543,pre
9544,pre
9545,pre
9546,pre
9547,pre
9548,pre
9549,pre
9550,pre
9551,pre
9552,pre
9553,pre
9554,pre
9555,pre
9556,pre
9557,pre
9558,pre
9559,pre
9560,pre
9561,pre
9562,pre
9563,pre
9564,pre
9565,pre
9566,pre
9567,pre
9568,pre
9569,pre
9570,pre
9571,pre
9572,pre
9573,pre
9574,pre
9575,pre
9576,pre
9577,pre
9578,pre
9579,pre
9580,pre
9581,pre
9582,pre
9583,pre
9584,pre
9585,pre
9586,pre
9587,pre
9588,pre
9589,pre
9590,pre
9591,pre
9592,pre
9593,pre
9594,pre
9595,pre
9596,pre
9597,pre
9598,pre
9599,pre
9600,pre
9601,pre
9602,pre
9603,pre
9604,pre
9605,pre
9606,pre
9607,pre
9608,pre
9609,pre
9610,pre
9611,pre
9612,pre
9613,pre
9614,pre
9615,pre
9616,pre
9617,pre
9618,pre
9619,pre
9620,pre
9621,pre
9622,pre
9623,pre
9624,pre
9625,pre
9626,pre
9627,pre
9628,pre
9629,pre
9630,pre
9631,pre
9632,pre
9633,pre
9634,pre
9635,pre
9636,pre
9637,pre
9638,pre
9639,pre
9640,pre
9641,pre
9642,pre
9643,pre
9644,pre
9645,pre
9646,pre
9647,pre
9648,pre
9649,pre
9650,pre
9651,pre
9652,pre
9653,pre
9654,pre
9655,pre
9656,pre
9657,pre
9658,pre
9659,pre
9660,pre
9661,pre
9662,pre
9663,pre
9664,pre
9665,pre
9666,pre
9667,pre
9668,pre
9669,pre
9670,pre
9671,pre
9672,pre
9673,pre
9674,pre
9675,pre
9676,pre
9677,pre
9678,pre
9679,pre
9680,pre
9681,pre
9682,pre
9683,pre
9684,pre
9685,pre
9686,pre
9687,pre
9688,pre
9689,pre
9690,pre
9691,pre
9692,pre
9693,pre
9694,pre
9695,pre
9696,pre
9697,pre
9698,pre
9699,pre
9700,pre
9701,pre
9702,pre
9703,pre
9704,pre
9705,pre
9706,pre
9707,pre
9708,pre
9709,pre
9710,pre
9711,pre
9712,pre
9713,pre
9714,pre
9715,pre
9716,pre
9717,pre
9718,pre
9719,pre
9720,pre
9721,pre
9722,pre
9723,pre
9724,pre
9725,pre
9726,pre
9727,pre
9728,pre
9729,pre
9730,pre
9731,pre
9732,pre
9733,pre
9734,pre
9735,pre
9736,pre
9737,pre
9738,pre
9739,pre
9740,pre
9741,pre
9742,pre
9743,pre
9744,pre
9745,pre
9746,pre
9747,pre
9748,pre
9749,pre
9750,pre
9751,pre
9752,pre
9753,pre
9754,pre
9755,pre
9756,pre
9757,pre
9758,pre
9759,pre
9760,pre
9761,pre
9762,pre
9763,pre
9764,pre
9765,pre
9766,pre
9767,pre
9768,pre
9769,pre
9770,pre
9771,pre
9772,pre
9773,pre
9774,pre
9775,pre
9776,pre
9777,pre
9778,pre
9779,pre
9780,pre
9781,pre
9782,pre
9783,pre
9784,pre
9785,pre
9786,pre
9787,pre
9788,pre
9789,pre
9790,pre
9791,pre
9792,pre
9793,pre
9794,pre
9795,pre
9796,pre
9797,pre
9798,pre
9799,pre
9800,pre
9801,pre
9802,pre
9803,pre
9804,pre
9805,pre
9806,pre
9807,pre
9808,pre
9809,pre
9810,pre
9811,pre
9812,pre
9813,pre
9814,pre
9815,pre
9816,pre
9817,pre
9818,pre
9819,pre
9820,pre
9821,pre
9822,pre
9823,pre
9824,pre
9825,pre
9826,pre
9827,pre
9828,pre
9829,pre
9830,pre
9831,pre
9832,pre
9833,pre
9834,pre
9835,pre
9836,pre
9837,pre
9838,pre
9839,pre
9840,pre
9841,pre
9842,pre
9843,pre
9844,pre
9845,pre
9846,pre
9847,pre
9848,pre
9849,pre
9850,pre
9851,pre
9852,pre
9853,pre
9854,pre
9855,pre
9856,pre
9857,pre
9858,pre
9859,pre
9860,pre
9861,pre
9862,pre
9863,pre
9864,pre
9865,pre
9866,pre
9867,pre
9868,pre
9869,pre
9870,pre
9871,pre
9872,pre
9873,pre
9874,pre
9875,pre
9876,pre
9877,pre
9878,pre
9879,pre
9880,pre
9881,pre
9882,pre
9883,pre
9884,pre
9885,pre
9886,pre
9887,pre
9888,pre
9889,pre
9890,pre
9891,pre
9892,pre
9893,pre
9894,pre
9895,pre
9896,pre
9897,pre
9898,pre
9899,pre
9900,pre
9901,pre
9902,pre
9903,pre
9904,pre
9905,pre
9906,pre
9907,pre
9908,pre
9909,pre
9910,pre
9911,pre
9912,pre
9913,pre
9914,pre
9915,pre
9916,pre
9917,pre
9918,pre
9919,pre
9920,pre
9921,pre
9922,pre
9923,pre
9924,pre
9925,pre
9926,pre
9927,pre
9928,pre
9929,pre
9930,pre
9931,pre
9932,pre
9933,pre
9934,pre
9935,pre
9936,pre
9937,pre
9938,pre
9939,pre
9940,pre
9941,pre
9942,pre
9943,pre
9944,pre
9945,pre
9946,pre
9947,pre
9948,pre
9949,pre
9950,pre
9951,pre
9952,pre
9953,pre
9954,pre
9955,pre
9956,pre
9957,pre
9958,pre
9959,pre
9960,pre
9961,pre
9962,pre
9963,pre
9964,pre
9965,pre
9966,pre
9967,pre
9968,pre
9969,pre
9970,pre
9971,pre
9972,pre
9973,pre
9974,pre
9975,pre
9976,pre
9977,pre
9978,pre
9979,pre
9980,pre
9981,pre
9982,pre
9983,pre
9984,pre
9985,pre
9986,pre
9987,pre
9988,pre
9989,pre
9990,pre
9991,pre
9992,pre
9993,pre
9994,pre
9995,pre
9996,pre
9997,pre
9998,pre
9999,pre
10000,pre
10001,pre
10002,pre
10003,pre
10004,pre
10005,pre
10006,pre
10007,pre
10008,pre
10009,pre
10010,pre
10011,pre
10012,pre
10013,pre
10014,pre
10015,pre
10016,pre
10017,pre
10018,pre
10019,pre
10020,pre
10021,pre
10022,pre
10023,pre
10024,pre
10025,pre
10026,pre
10027,pre
10028,pre
10029,pre
10030,pre
10031,pre
10032,pre
10033,pre
10034,pre
10035,pre
10036,pre
10037,pre
10038,pre
10039,pre
10040,pre
10041,pre
10042,pre
10043,pre
10044,pre
10045,pre
10046,pre
10047,pre
10048,pre
10049,pre
10050,pre
10051,pre
10052,pre
10053,pre
10054,pre
10055,pre
10056,pre
10057,pre
10058,pre
10059,pre
10060,pre
10061,pre
10062,pre
10063,pre
10064,pre
10065,pre
10066,pre
10067,pre
10068,pre
10069,pre
10070,pre
10071,pre
10072,pre
10073,pre
10074,pre
10075,pre
10076,pre
10077,pre
10078,pre
10079,pre
10080,pre
10081,pre
10082,pre
10083,pre
10084,pre
10085,pre
10086,pre
10087,pre
10088,pre
10089,pre
10090,pre
10091,pre
10092,pre
10093,pre
10094,pre
10095,pre
10096,pre
10097,pre
10098,pre
10099,pre
10100,pre
10101,pre
10102,pre
10103,pre
10104,pre
10105,pre
10106,pre
10107,pre
10108,pre
10109,pre
10110,pre
10111,pre
10112,pre
10113,pre
10114,pre
10115,pre
10116,pre
10117,pre
10118,pre
10119,pre
10120,pre
10121,pre
10122,pre
10123,pre
10124,pre
10125,pre
10126,pre
10127,pre
10128,pre
10129,pre
10130,pre
10131,pre
10132,pre
10133,pre
10134,pre
10135,pre
10136,pre
10137,pre
10138,pre
10139,pre
10140,pre
10141,pre
10142,pre
10143,pre
10144,pre
10145,pre
10146,pre
10147,pre
10148,pre
10149,pre
10150,pre
10151,pre
10152,pre
10153,pre
10154,pre
10155,pre
10156,pre
10157,pre
10158,pre
10159,pre
10160,pre
10161,pre
10162,pre
10163,pre
10164,pre
10165,pre
10166,pre
10167,pre
10168,pre
10169,pre
10170,pre
10171,pre
10172,pre
10173,pre
10174,pre
10175,pre
10176,pre
10177,pre
10178,pre
10179,pre
10180,pre
10181,pre
10182,pre
10183,pre
10184,pre
10185,pre
10186,pre
10187,pre
10188,pre
10189,pre
10190,pre
10191,pre
10192,pre
10193,pre
10194,pre
10195,pre
10196,pre
10197,pre
10198,pre
10199,pre
10200,pre
10201,pre
10202,pre
10203,pre
10204,pre
10205,pre
10206,pre
10207,pre
10208,pre
10209,pre
10210,pre
10211,pre
10212,pre
10213,pre
10214,pre
10215,pre
10216,pre
10217,pre
10218,pre
10219,pre
10220,pre
10221,pre
10222,pre
10223,pre
10224,pre
10225,pre
10226,pre
10227,pre
10228,pre
10229,pre
10230,pre
10231,pre
10232,pre
10233,pre
10234,pre
10235,pre
10236,pre
10237,pre
10238,pre
10239,pre
10240,pre
10241,pre
10242,pre
10243,pre
10244,pre
10245,pre
10246,pre
10247,pre
10248,pre
10249,pre
10250,pre
10251,pre
10252,pre
10253,pre
10254,pre
10255,pre
10256,pre
10257,pre
10258,pre
10259,pre
10260,pre
10261,pre
10262,pre
10263,pre
10264,pre
10265,pre
10266,pre
10267,pre
10268,pre
10269,pre
10270,pre
10271,pre
10272,pre
10273,pre
10274,pre
10275,pre
10276,pre
10277,pre
10278,pre
10279,pre
10280,pre
10281,pre
10282,pre
10283,pre
10284,pre
10285,pre
10286,pre
10287,pre
10288,pre
10289,pre
10290,pre
10291,pre
10292,pre
10293,pre
10294,pre
10295,pre
10296,pre
10297,pre
10298,pre
10299,pre
10300,pre
10301,pre
10302,pre
10303,pre
10304,pre
10305,pre
10306,pre
10307,pre
10308,pre
10309,pre
10310,pre
10311,pre
10312,pre
10313,pre
10314,pre
10315,pre
10316,pre
10317,pre
10318,pre
10319,pre
10320,pre
10321,pre
10322,pre
10323,pre
10324,pre
10325,pre
10326,pre
10327,pre
10328,pre
10329,pre
10330,pre
10331,pre
10332,pre
10333,pre
10334,pre
10335,pre
10336,pre
10337,pre
10338,pre
10339,pre
10340,pre
10341,pre
10342,pre
10343,pre
10344,pre
10345,pre
10346,pre
10347,pre
10348,pre
10349,pre
10350,pre
10351,pre
10352,pre
10353,pre
10354,pre
10355,pre
10356,pre
10357,pre
10358,pre
10359,pre
10360,pre
10361,pre
10362,pre
10363,pre
10364,pre
10365,pre
10366,pre
10367,pre
10368,pre
10369,pre
10370,pre
10371,pre
10372,pre
10373,pre
10374,pre
10375,pre
10376,pre
10377,pre
10378,pre
10379,pre
10380,pre
10381,pre
10382,pre
10383,pre
10384,pre
10385,pre
10386,pre
10387,pre
10388,pre
10389,pre
10390,pre
10391,pre
10392,pre
10393,pre
10394,pre
10395,pre
10396,pre
10397,pre
10398,pre
10399,pre
10400,pre
10401,pre
10402,pre
10403,pre
10404,pre
10405,pre
10406,pre
10407,pre
10408,pre
10409,pre
10410,pre
10411,pre
10412,pre
10413,pre
10414,pre
10415,pre
10416,pre
10417,pre
10418,pre
10419,pre
10420,pre
10421,pre
10422,pre
10423,pre
10424,pre
10425,pre
10426,pre
10427,pre
10428,pre
10429,pre
10430,pre
10431,pre
10432,pre
10433,pre
10434,pre
10435,pre
10436,pre
10437,pre
10438,pre
10439,pre
10440,pre
10441,pre
10442,pre
10443,pre
10444,pre
10445,pre
10446,pre
10447,pre
10448,pre
10449,pre
10450,pre
10451,pre
10452,pre
10453,pre
10454,pre
10455,pre
10456,pre
10457,pre
10458,pre
10459,pre
10460,pre
10461,pre
10462,pre
10463,pre
10464,pre
10465,pre
10466,pre
10467,pre
10468,pre
10469,pre
10470,pre
10471,pre
10472,pre
10473,pre
10474,pre
10475,pre
10476,pre
10477,pre
10478,pre
10479,pre
10480,pre
10481,pre
10482,pre
10483,pre
10484,pre
10485,pre
10486,pre
10487,pre
10488,pre
10489,pre
10490,pre
10491,pre
10492,pre
10493,pre
10494,pre
10495,pre
10496,pre
10497,pre
10498,pre
10499,pre
10500,pre
10501,pre
10502,pre
7005,post
7006,pre
7007,pre
7008,pre
7009,pre
7010,pre
7011,pre
7012,pre
7013,pre
7014,pre
7015,pre
7016,pre
7017,pre
7018,pre
7019,pre
7020,pre
7021,pre
7022,pre
7023,pre
7024,pre
7025,pre
7026,pre
7027,pre
7028,pre
7029,pre
7030,pre
7031,pre
7032,pre
7033,pre
7034,pre
7035,pre
7036,pre
7037,pre
7038,pre
7039,pre
7040,pre
7041,pre
7042,pre
7043,pre
7044,pre
7045,pre
7046,pre
7047,pre
7048,pre
7049,pre
7050,pre
7051,pre
7052,pre
7053,pre
7054,pre
7055,pre
7056,pre
7057,pre
7058,pre
7059,pre
7060,pre
7061,pre
7062,pre
7063,pre
7064,pre
7065,pre
7066,pre
7067,pre
7068,pre
7069,pre
7070,pre
7071,pre
7072,pre
7073,pre
7074,pre
7075,pre
7076,pre
7077,pre
7078,pre
7079,pre
7080,pre
7081,pre
7082,pre
7083,pre
7084,pre
7085,pre
7086,pre
7087,pre
7088,pre
7089,pre
7090,pre
7091,pre
7092,pre
7093,pre
7094,pre
7095,pre
7096,pre
7097,pre
7098,pre
7099,pre
7100,pre
7101,pre
7102,pre
7103,pre
7104,pre
7105,pre
7106,pre
7107,pre
7108,pre
7109,pre
7110,pre
7111,pre
7112,pre
7113,pre
7114,pre
7115,pre
7116,pre
7117,pre
7118,pre
7119,pre
7120,pre
7121,pre
7122,pre
7123,pre
7124,pre
7125,pre
7126,pre
7127,pre
7128,pre
7129,pre
7130,pre
7131,pre
7132,pre
7133,pre
7134,pre
7135,pre
7136,pre
7137,pre
7138,pre
7139,pre
7140,pre
7141,pre
7142,pre
7143,pre
7144,pre
7145,pre
7146,pre
7147,pre
7148,pre
7149,pre
7150,pre
7151,pre
7152,pre
7153,pre
7154,pre
7155,pre
7156,pre
7157,pre
7158,pre
7159,pre
7160,pre
7161,pre
7162,pre
7163,pre
7164,pre
7165,pre
7166,pre
7167,pre
7168,pre
7169,pre
7170,pre
7171,pre
7172,pre
7173,pre
7174,pre
7175,pre
7176,pre
7177,pre
7178,pre
7179,pre
7180,pre
7181,pre
7182,pre
7183,pre
7184,pre
7185,pre
7186,pre
7187,pre
7188,pre
7189,pre
7190,pre
7191,pre
7192,pre
7193,pre
7194,pre
7195,pre
7196,pre
7197,pre
7198,pre
7199,pre
7200,pre
7201,pre
7202,pre
7203,pre
7204,pre
7205,pre
7206,pre
7207,pre
7208,pre
7209,pre
7210,pre
7211,pre
7212,pre
7213,pre
7214,pre
7215,pre
7216,pre
7217,pre
7218,pre
7219,pre
7220,pre
7221,pre
7222,pre
7223,pre
7224,pre
7225,pre
7226,pre
7227,pre
7228,pre
7229,pre
7230,pre
7231,pre
7232,pre
7233,pre
7234,pre
7235,pre
7236,pre
7237,pre
7238,pre
7239,pre
7240,pre
7241,pre
7242,pre
7243,pre
7244,pre
7245,pre
7246,pre
7247,pre
7248,pre
7249,pre
7250,pre
7251,pre
7252,pre
7253,pre
7254,pre
7255,pre
7256,pre
7257,pre
7258,pre
7259,pre
7260,pre
7261,pre
7262,pre
7263,pre
7264,pre
7265,pre
7266,pre
7267,pre
7268,pre
7269,pre
7270,pre
7271,pre
7272,pre
7273,pre
7274,pre
7275,pre
7276,pre
7277,pre
7278,pre
7279,pre
7280,pre
7281,pre
7282,pre
7283,pre
7284,pre
7285,pre
7286,pre
7287,pre
7288,pre
7289,pre
7290,pre
7291,pre
7292,pre
7293,pre
7294,pre
7295,pre
7296,pre
7297,pre
7298,pre
7299,pre
7300,pre
7301,pre
7302,pre
7303,pre
7304,pre
7305,pre
7306,pre
7307,pre
7308,pre
7309,pre
7310,pre
7311,pre
7312,pre
7313,pre
7314,pre
7315,pre
7316,pre
7317,pre
7318,pre
7319,pre
7320,pre
7321,pre
7322,pre
7323,pre
7324,pre
7325,pre
7326,pre
7327,pre
7328,pre
7329,pre
7330,pre
7331,pre
7332,pre
7333,pre
7334,pre
7335,pre
7336,pre
7337,pre
7338,pre
7339,pre
7340,pre
7341,pre
7342,pre
7343,pre
7344,pre
7345,pre
7346,pre
7347,pre
7348,pre
7349,pre
7350,pre
7351,pre
7352,pre
7353,pre
7354,pre
7355,pre
7356,pre
7357,pre
7358,pre
7359,pre
7360,pre
7361,pre
7362,pre
7363,pre
7364,pre
7365,pre
7366,pre
7367,pre
7368,pre
7369,pre
7370,pre
7371,pre
7372,pre
7373,pre
7374,pre
7375,pre
7376,pre
7377,pre
7378,pre
7379,pre
7380,pre
7381,pre
7382,pre
7383,pre
7384,pre
7385,pre
7386,pre
7387,pre
7388,pre
7389,pre
7390,pre
7391,pre
7392,pre
7393,pre
7394,pre
7395,pre
7396,pre
7397,pre
7398,pre
7399,pre
7400,pre
7401,pre
7402,pre
7403,pre
7404,pre
7405,pre
7406,pre
7407,pre
7408,pre
7409,pre
7410,pre
7411,pre
7412,pre
7413,pre
7414,pre
7415,pre
7416,pre
7417,pre
7418,pre
7419,pre
7420,pre
7421,pre
7422,pre
7423,pre
7424,pre
7425,pre
7426,pre
7427,pre
7428,pre
7429,pre
7430,pre
7431,pre
7432,pre
7433,pre
7434,pre
7435,pre
7436,pre
7437,pre
7438,pre
7439,pre
7440,pre
7441,pre
7442,pre
7443,pre
7444,pre
7445,pre
7446,pre
7447,pre
7448,pre
7449,pre
7450,pre
7451,pre
7452,pre
7453,pre
7454,pre
7455,pre
7456,pre
7457,pre
7458,pre
7459,pre
7460,pre
7461,pre
7462,pre
7463,pre
7464,pre
7465,pre
7466,pre
7467,pre
7468,pre
7469,pre
7470,pre
7471,pre
7472,pre
7473,pre
7474,pre
7475,pre
7476,pre
7477,pre
7478,pre
7479,pre
7480,pre
7481,pre
7482,pre
7483,pre
7484,pre
7485,pre
7486,pre
7487,pre
7488,pre
7489,pre
7490,pre
7491,pre
7492,pre
7493,pre
7494,pre
7495,pre
7496,pre
7497,pre
7498,pre
7499,pre
7500,pre
7501,pre
7502,pre
7503,pre
7504,pre
7505,pre
7506,pre
7507,pre
7508,pre
7509,pre
7510,pre
7511,pre
7512,pre
7513,pre
7514,pre
7515,pre
7516,pre
7517,pre
7518,pre
7519,pre
7520,pre
7521,pre
7522,pre
7523,pre
7524,pre
7525,pre
7526,pre
7527,pre
7528,pre
7529,pre
7530,pre
7531,pre
7532,pre
7533,pre
7534,pre
7535,pre
7536,pre
7537,pre
7538,pre
7539,pre
7540,pre
7541,pre
7542,pre
7543,pre
7544,pre
7545,pre
7546,pre
7547,pre
7548,pre
7549,pre
7550,pre
7551,pre
7552,pre
7553,pre
7554,pre
7555,pre
7556,pre
7557,pre
7558,pre
7559,pre
7560,pre
7561,pre
7562,pre
7563,pre
7564,pre
7565,pre
7566,pre
7567,pre
7568,pre
7569,pre
7570,pre
7571,pre
7572,pre
7573,pre
7574,pre
7575,pre
7576,pre
7577,pre
7578,pre
7579,pre
7580,pre
7581,pre
7582,pre
7583,pre
7584,pre
7585,pre
7586,pre
7587,pre
7588,pre
7589,pre
7590,pre
7591,pre
7592,pre
7593,pre
7594,pre
7595,pre
7596,pre
7597,pre
7598,pre
7599,pre
7600,pre
7601,pre
7602,pre
7603,pre
7604,pre
7605,pre
7606,pre
7607,pre
7608,pre
7609,pre
7610,pre
7611,pre
7612,pre
7613,pre
7614,pre
7615,pre
7616,pre
7617,pre
7618,pre
7619,pre
7620,pre
7621,pre
7622,pre
7623,pre
7624,pre
7625,pre
7626,pre
7627,pre
7628,pre
7629,pre
7630,pre
7631,pre
7632,pre
7633,pre
7634,pre
7635,pre
7636,pre
7637,pre
7638,pre
7639,pre
7640,pre
7641,pre
7642,pre
7643,pre
7644,pre
7645,pre
7646,pre
7647,pre
7648,pre
7649,pre
7650,pre
7651,pre
7652,pre
7653,pre
7654,pre
7655,pre
7656,pre
7657,pre
7658,pre
7659,pre
7660,pre
7661,pre
7662,pre
7663,pre
7664,pre
7665,pre
7666,pre
7667,pre
7668,pre
7669,pre
7670,pre
7671,pre
7672,pre
7673,pre
7674,pre
7675,pre
7676,pre
7677,pre
7678,pre
7679,pre
7680,pre
7681,pre
7682,pre
7683,pre
7684,pre
7685,pre
7686,pre
7687,pre
7688,pre
7689,pre
7690,pre
7691,pre
7692,pre
7693,pre
7694,pre
7695,pre
7696,pre
7697,pre
7698,pre
7699,pre
7700,pre
7701,pre
7702,pre
7703,pre
7704,pre
7705,pre
7706,pre
7707,pre
7708,pre
7709,pre
7710,pre
7711,pre
7712,pre
7713,pre
7714,pre
7715,pre
7716,pre
7717,pre
7718,pre
7719,pre
7720,pre
7721,pre
7722,pre
7723,pre
7724,pre
7725,pre
7726,pre
7727,pre
7728,pre
7729,pre
7730,pre
7731,pre
7732,pre
7733,pre
7734,pre
7735,pre
7736,pre
7737,pre
7738,pre
7739,pre
7740,pre
7741,pre
7742,pre
7743,pre
7744,pre
7745,pre
7746,pre
7747,pre
7748,pre
7749,pre
7750,pre
7751,pre
7752,pre
7753,pre
7754,pre
7755,pre
7756,pre
7757,pre
7758,pre
7759,pre
7760,pre
7761,pre
7762,pre
7763,pre
7764,pre
7765,pre
7766,pre
7767,pre
7768,pre
7769,pre
7770,pre
7771,pre
7772,pre
7773,pre
7774,pre
7775,pre
7776,pre
7777,pre
7778,pre
7779,pre
7780,pre
7781,pre
7782,pre
7783,pre
7784,pre
7785,pre
7786,pre
7787,pre
7788,pre
7789,pre
7790,pre
7791,pre
7792,pre
7793,pre
7794,pre
7795,pre
7796,pre
7797,pre
7798,pre
7799,pre
7800,pre
7801,pre
7802,pre
7803,pre
7804,pre
7805,pre
7806,pre
7807,pre
7808,pre
7809,pre
7810,pre
7811,pre
7812,pre
7813,pre
7814,pre
7815,pre
7816,pre
7817,pre
7818,pre
7819,pre
7820,pre
7821,pre
7822,pre
7823,pre
7824,pre
7825,pre
7826,pre
7827,pre
7828,pre
7829,pre
7830,pre
7831,pre
7832,pre
7833,pre
7834,pre
7835,pre
7836,pre
7837,pre
7838,pre
7839,pre
7840,pre
7841,pre
7842,pre
7843,pre
7844,pre
7845,pre
7846,pre
7847,pre
7848,pre
7849,pre
7850,pre
7851,pre
7852,pre
7853,pre
7854,pre
7855,pre
7856,pre
7857,pre
7858,pre
7859,pre
7860,pre
7861,pre
7862,pre
7863,pre
7864,pre
7865,pre
7866,pre
7867,pre
7868,pre
7869,pre
7870,pre
7871,pre
7872,pre
7873,pre
7874,pre
7875,pre
7876,pre
7877,pre
7878,pre
7879,pre
7880,pre
7881,pre
7882,pre
7883,pre
7884,pre
7885,pre
7886,pre
7887,pre
7888,pre
7889,pre
7890,pre
7891,pre
7892,pre
7893,pre
7894,pre
7895,pre
7896,pre
7897,pre
7898,pre
7899,pre
7900,pre
7901,pre
7902,pre
7903,pre
7904,pre
7905,pre
7906,pre
7907,pre
7908,pre
7909,pre
7910,pre
7911,pre
7912,pre
7913,pre
7914,pre
7915,pre
7916,pre
7917,pre
7918,pre
7919,pre
7920,pre
7921,pre
7922,pre
7923,pre
7924,pre
7925,pre
7926,pre
7927,pre
7928,pre
7929,pre
7930,pre
7931,pre
7932,pre
7933,pre
7934,pre
7935,pre
7936,pre
7937,pre
7938,pre
7939,pre
7940,pre
7941,pre
7942,pre
7943,pre
7944,pre
7945,pre
7946,pre
7947,pre
7948,pre
7949,pre
7950,pre
7951,pre
7952,pre
7953,pre
7954,pre
7955,pre
7956,pre
7957,pre
7958,pre
7959,pre
7960,pre
7961,pre
7962,pre
7963,pre
7964,pre
7965,pre
7966,pre
7967,pre
7968,pre
7969,pre
7970,pre
7971,pre
7972,pre
7973,pre
7974,pre
7975,pre
7976,pre
7977,pre
7978,pre
7979,pre
7980,pre
7981,pre
7982,pre
7983,pre
7984,pre
7985,pre
7986,pre
7987,pre
7988,pre
7989,pre
7990,pre
7991,pre
7992,pre
7993,pre
7994,pre
7995,pre
7996,pre
7997,pre
7998,pre
7999,pre
8000,pre
8001,pre
8002,pre
8003,pre
8004,pre
8005,pre
8006,pre
8007,pre
8008,pre
8009,pre
8010,pre
8011,pre
8012,pre
8013,pre
8014,pre
8015,pre
8016,pre
8017,pre
8018,pre
8019,pre
8020,pre
8021,pre
8022,pre
8023,pre
8024,pre
8025,pre
8026,pre
8027,pre
8028,pre
8029,pre
8030,pre
8031,pre
8032,pre
8033,pre
8034,pre
8035,pre
8036,pre
8037,pre
8038,pre
8039,pre
8040,pre
8041,pre
8042,pre
8043,pre
8044,pre
8045,pre
8046,pre
8047,pre
8048,pre
8049,pre
8050,pre
8051,pre
8052,pre
8053,pre
8054,pre
8055,pre
8056,pre
8057,pre
8058,pre
8059,pre
8060,pre
8061,pre
8062,pre
8063,pre
8064,pre
8065,pre
8066,pre
8067,pre
8068,pre
8069,pre
8070,pre
8071,pre
8072,pre
8073,pre
8074,pre
8075,pre
8076,pre
8077,pre
8078,pre
8079,pre
8080,pre
8081,pre
8082,pre
8083,pre
8084,pre
8085,pre
8086,pre
8087,pre
8088,pre
8089,pre
8090,pre
8091,pre
8092,pre
8093,pre
8094,pre
8095,pre
8096,pre
8097,pre
8098,pre
8099,pre
8100,pre
8101,pre
8102,pre
8103,pre
8104,pre
8105,pre
8106,pre
8107,pre
8108,pre
8109,pre
8110,pre
8111,pre
8112,pre
8113,pre
8114,pre
8115,pre
8116,pre
8117,pre
8118,pre
8119,pre
8120,pre
8121,pre
8122,pre
8123,pre
8124,pre
8125,pre
8126,pre
8127,pre
8128,pre
8129,pre
8130,pre
8131,pre
8132,pre
8133,pre
8134,pre
8135,pre
8136,pre
8137,pre
8138,pre
8139,pre
8140,pre
8141,pre
8142,pre
8143,pre
8144,pre
8145,pre
8146,pre
8147,pre
8148,pre
8149,pre
8150,pre
8151,pre
8152,pre
8153,pre
8154,pre
8155,pre
8156,pre
8157,pre
8158,pre
8159,pre
8160,pre
8161,pre
8162,pre
8163,pre
8164,pre
8165,pre
8166,pre
8167,pre
8168,pre
8169,pre
8170,pre
8171,pre
8172,pre
8173,pre
8174,pre
8175,pre
8176,pre
8177,pre
8178,pre
8179,pre
8180,pre
8181,pre
8182,pre
8183,pre
8184,pre
8185,pre
8186,pre
8187,pre
8188,pre
8189,pre
8190,pre
8191,pre
